<?xml version="1.0" encoding="UTF-8"?>
<project-private xmlns="http://www.netbeans.org/ns/project-private/1">
    <editor-bookmarks xmlns="http://www.netbeans.org/ns/editor-bookmarks/2" lastBookmarkId="0"/>
    <open-files xmlns="http://www.netbeans.org/ns/projectui-open-files/2">
        <group>
            <file>file:/C:/Users/user/Documents/NetBeansProjects/myProject/web/jo.html</file>
            <file>file:/C:/Users/user/Documents/NetBeansProjects/myProject/src/java/submit/login.java</file>
            <file>file:/C:/Users/user/Documents/NetBeansProjects/myProject/web/index.html</file>
            <file>file:/C:/Users/user/Documents/NetBeansProjects/myProject/src/java/submit/adviser.java</file>
            <file>file:/C:/Users/user/Documents/NetBeansProjects/myProject/src/java/submit/signup.java</file>
            <file>file:/C:/Users/user/Documents/NetBeansProjects/myProject/src/java/submit/logout.java</file>
            <file>file:/C:/Users/user/Documents/NetBeansProjects/myProject/web/dashboards.html</file>
            <file>file:/C:/Users/user/Documents/NetBeansProjects/myProject/web/WEB-INF/web.xml</file>
            <file>file:/C:/Users/user/Documents/NetBeansProjects/myProject/web/log.html</file>
            <file>file:/C:/Users/user/Documents/NetBeansProjects/myProject/web/sty.css</file>
            <file>file:/C:/Users/user/Documents/NetBeansProjects/myProject/src/java/submit/pass.java</file>
            <file>file:/C:/Users/user/Documents/NetBeansProjects/myProject/web/styl.css</file>
            <file>file:/C:/Users/user/Documents/NetBeansProjects/myProject/src/java/submit/dash.java</file>
        </group>
    </open-files>
</project-private>
